{"accel_bias": {"x": 0.21179000000000017, "y": 0.07280800000000015, "z": 7.193205999999991}, "gyro_bias": {"x": 3.2900000000000027, "y": -5.319999999999997, "z": -3.149999999999999}}