{"accel_bias": {"x": 3.1779000000000006, "y": 0.9378999999999992, "z": 6.617200000000016}, "gyro_bias": {"x": 3.6399999999999917, "y": -5.879999999999996, "z": -3.0800000000000023}}