{"accel_bias": {"x": 0.04490000000000008, "y": 0.021999999999999992, "z": 7.216000000000006}, "gyro_bias": {"x": 3.2900000000000027, "y": -5.319999999999997, "z": -3.149999999999999}}