{"accel_bias": {"x": 1.4079, "y": -0.2551999999999996, "z": 7.118399999999985}, "gyro_bias": {"x": 3.2900000000000027, "y": -5.319999999999997, "z": -3.5}}